Type,Name,Request Count,Failure Count,Median Response Time,Average Response Time,Min Response Time,Max Response Time,Average Content Size,Requests/s,Failures/s,50%,66%,75%,80%,90%,95%,98%,99%,99.9%,99.99%,100%
POST,/api/auth/login,636,115,28000.0,25439.05689846651,705.4974581114948,46775.83520882763,295.72484276729557,1.4426466242287939,0.26085591475835107,28000,30000,31000,32000,37000,40000,42000,44000,47000,47000,47000
POST,/api/auth/register,1000,364,41000.0,36463.4913462507,1150.0019170343876,57964.0923331026,229.596,2.2683123022465312,0.8256656780177374,41000,44000,45000,46000,48000,50000,52000,53000,58000,58000,58000
POST,/api/interest-form/submit,521,81,29000.0,28302.692344784915,325.11258288286626,60271.23708394356,822.8675623800384,1.1817907094704427,0.18373329648196904,29000,33000,37000,41000,48000,57000,60000,60000,60000,60000,60000
POST,/api/recipe/create [DB Write],7931,5494,1100.0,3135.8812146614614,170.46287492848933,60187.76637502015,4.797125204892195,17.98998486911724,12.462107788542443,1100,2400,4200,4800,8400,14000,19000,22000,52000,60000,60000
GET,/api/recipe/get [Single Read],3746,0,1100.0,4971.358639910974,188.58179193921387,32532.70508395508,581.3077949813134,8.497097884215506,0.0,1100,3500,10000,12000,15000,17000,19000,21000,27000,33000,33000
GET,/api/recipe/get-all [Complex Read],23961,16626,580.0,2829.316643318133,167.70620900206268,60190.9319171682,406.1628896957556,54.35103107412914,37.71296033715083,580,2000,3600,4800,7900,14000,18000,21000,47000,60000,60000
GET,/api/recipe/get-all [Setup],15761,10948,560.0,2798.05036765149,167.71433292888105,60246.47220806219,401.09320474589174,35.75087019570758,24.833483084995024,560,1900,3500,4700,7600,14000,17000,20000,52000,60000,60000
,Aggregated,53556,33628,810.0,4159.6673679698715,167.70620900206268,60271.23708394356,356.9294756889984,121.48173365911524,76.27880609994635,810,2400,4600,5300,13000,18000,35000,43000,57000,60000,60000
