Type,Name,Request Count,Failure Count,Median Response Time,Average Response Time,Min Response Time,Max Response Time,Average Content Size,Requests/s,Failures/s,50%,66%,75%,80%,90%,95%,98%,99%,99.9%,99.99%,100%
POST,/api/auth/register,710,710,310.0,12054.23638528003,297.79412504285574,60318.62025009468,497.0,5.405980536159195,5.405980536159195,310,310,310,360,60000,60000,60000,60000,60000,60000,60000
POST,/api/recipe/create [DB Write],1639,1639,510.0,2221.7473188660074,147.63749996200204,20512.66570808366,209.5344722391702,12.47943957572524,12.47943957572524,510,1800,2800,3400,7200,11000,14000,15000,19000,21000,21000
GET,/api/recipe/get-all [Complex Read],4986,4986,400.0,2183.8900962943676,147.2352920100093,23246.819290798157,217.10108303249098,37.96368866660528,37.96368866660528,410,1600,2600,3300,6700,12000,14000,15000,21000,23000,23000
GET,/api/recipe/get-all [Setup],3427,3427,390.0,2257.783289623129,147.21333305351436,21096.732874866575,215.65188211263495,26.093373658334592,26.093373658334592,390,1600,2700,3500,8000,11000,14000,15000,18000,21000,21000
,Aggregated,10762,10762,310.0,2864.3608105215126,147.21333305351436,60318.62025009468,233.9529827169671,81.9424824368243,81.9424824368243,310,1600,2600,3400,8100,12000,15000,60000,60000,60000,60000
